Ship_Mode,Total_Sales
First Class,30953.079500000003
Same Day,11836.689999999997
Second Class,34295.60452000001
Standard Class,111808.56855999991
